A,B,scope,n_items,mean_A,mean_B,diff_A_minus_B,ci95_low,ci95_high,boot_share_A_le_B,significant_95
"router rules v2 + few-shot, FP8 one card (3 reps)","mamay12 (S2, 3 reps)",overall,192,0.8417,0.8738,-0.0321,-0.0724,0.0082,0.9382,False
"router rules v2 + few-shot, FP8 one card (3 reps)","mamay12 (S2, 3 reps)",alignment,32,0.7812,0.8438,-0.0625,-0.2188,0.0938,0.8534,False
"router rules v2 + few-shot, FP8 one card (3 reps)","mamay12 (S2, 3 reps)",chat,32,1.0,1.0,0.0,0.0,0.0,1.0,False
"router rules v2 + few-shot, FP8 one card (3 reps)","mamay12 (S2, 3 reps)",code,32,0.9844,0.9688,0.0156,-0.0469,0.0938,0.4666,False
"router rules v2 + few-shot, FP8 one card (3 reps)","mamay12 (S2, 3 reps)",instruct,32,0.7812,0.9375,-0.1562,-0.2812,-0.0312,1.0,True
"router rules v2 + few-shot, FP8 one card (3 reps)","mamay12 (S2, 3 reps)",knowledge,32,0.6875,0.6875,0.0,-0.125,0.125,0.6082,False
"router rules v2 + few-shot, FP8 one card (3 reps)","mamay12 (S2, 3 reps)",translate,32,0.8159,0.8053,0.0106,-0.0195,0.043,0.258,False
router ensemble vote (1 rep),"mamay12 (S2, 3 reps)",overall,192,0.8428,0.8738,-0.031,-0.0779,0.015,0.8986,False
router ensemble vote (1 rep),"mamay12 (S2, 3 reps)",alignment,32,0.7812,0.8438,-0.0625,-0.25,0.0938,0.8148,False
router ensemble vote (1 rep),"mamay12 (S2, 3 reps)",chat,32,1.0,1.0,0.0,0.0,0.0,1.0,False
router ensemble vote (1 rep),"mamay12 (S2, 3 reps)",code,32,0.9844,0.9688,0.0156,-0.0469,0.0938,0.4666,False
router ensemble vote (1 rep),"mamay12 (S2, 3 reps)",instruct,32,0.7812,0.9375,-0.1562,-0.2812,-0.0312,1.0,True
router ensemble vote (1 rep),"mamay12 (S2, 3 reps)",knowledge,32,0.6875,0.6875,0.0,-0.1562,0.157,0.5818,False
router ensemble vote (1 rep),"mamay12 (S2, 3 reps)",translate,32,0.8224,0.8053,0.0171,-0.0123,0.0485,0.1294,False
"router rules v1, pre-fix (1 rep)","mamay12 (S2, 3 reps)",overall,192,0.8163,0.8738,-0.0575,-0.1056,-0.0091,0.9894,True
"router rules v1, pre-fix (1 rep)","mamay12 (S2, 3 reps)",alignment,32,0.5938,0.8438,-0.25,-0.4375,-0.0625,0.9954,True
"router rules v1, pre-fix (1 rep)","mamay12 (S2, 3 reps)",chat,32,0.9844,1.0,-0.0156,-0.0469,0.0,1.0,False
"router rules v1, pre-fix (1 rep)","mamay12 (S2, 3 reps)",code,32,0.9688,0.9688,0.0,-0.0938,0.0938,0.6564,False
"router rules v1, pre-fix (1 rep)","mamay12 (S2, 3 reps)",instruct,32,0.7812,0.9375,-0.1562,-0.2812,-0.0312,1.0,True
"router rules v1, pre-fix (1 rep)","mamay12 (S2, 3 reps)",knowledge,32,0.75,0.6875,0.0625,-0.0938,0.2188,0.2766,False
"router rules v1, pre-fix (1 rep)","mamay12 (S2, 3 reps)",translate,32,0.8195,0.8053,0.0141,-0.0169,0.0471,0.1898,False
router ensemble vote (1 rep),"router rules v2 + few-shot, FP8 one card (3 reps)",overall,192,0.8428,0.8417,0.0011,-0.0306,0.0327,0.4404,False
router ensemble vote (1 rep),"router rules v2 + few-shot, FP8 one card (3 reps)",alignment,32,0.7812,0.7812,0.0,-0.0938,0.0938,0.6492,False
router ensemble vote (1 rep),"router rules v2 + few-shot, FP8 one card (3 reps)",chat,32,1.0,1.0,0.0,0.0,0.0,1.0,False
router ensemble vote (1 rep),"router rules v2 + few-shot, FP8 one card (3 reps)",code,32,0.9844,0.9844,0.0,0.0,0.0,1.0,False
router ensemble vote (1 rep),"router rules v2 + few-shot, FP8 one card (3 reps)",instruct,32,0.7812,0.7812,0.0,-0.125,0.125,0.6054,False
router ensemble vote (1 rep),"router rules v2 + few-shot, FP8 one card (3 reps)",knowledge,32,0.6875,0.6875,0.0,-0.125,0.125,0.6028,False
router ensemble vote (1 rep),"router rules v2 + few-shot, FP8 one card (3 reps)",translate,32,0.8224,0.8159,0.0065,-0.0008,0.0162,0.046,False
